mutation_id	ref_counts	var_counts	total_cn	major_cn	minor_cn	normal_cn
chr1:114716124:C>G	196	177	2	1	1	2
chr1:205065906:C>T	123	128	2	1	1	2
chr11:134140705:G>A	137	76	2	1	1	2
chr12:22524505:C>T	157	128	2	1	1	2
chr14:106657708:CTTCTCCTCACTGTGTCTCTCGCACAGTAATACACAGCCA>AG	8	92	1	1	0	2
chr17:18317770:C>T	211	199	2	1	1	2
chr17:35170189:C>T	233	202	2	1	1	2
chr17:41487169:C>T	67	79	2	1	1	2
chr19:9251141:T>C	176	174	2	1	1	2
chr19:43997220:C>T	162	140	2	1	1	2
chr3:9717094:G>A	206	165	2	1	1	2
chr3:139019924:C>T	253	151	2	1	1	2
chr4:125408623:C>T	120	96	2	1	1	2
chr5:17632222:G>C	259	177	2	1	1	2
chr6:75855196:TGGGTT>-	133	106	2	1	1	2
chr7:20658545:A>G	152	133	2	1	1	2
chr7:101000336:C>A	4258	238	2	1	1	2
chr8:56445864:G>A	335	275	2	1	1	2
chr8:138613919:C>A	177	130	2	1	1	2
chr9:37020771:A>C	14	228	1	1	0	2
